--INSERT TABLE BACSI
INSERT INTO BACSI(MABS,TENBS, NGAYSINH, GIOITINH, SDT,DIACHI)
VALUES ('BS01',N'Nguyễn Anh Quốc', '04/04/1990', 0, '0964570735', N'Đức Tân, Mộ Đức, Quảng Ngãi')
INSERT INTO BACSI(MABS,TENBS, NGAYSINH, GIOITINH, SDT,DIACHI)
VALUES ('BS02',N'Nguyễn Anh ', '04/04/1990', 1, '0964574734', N'Tăng Nhơn Phú A, quận 9, TPHCM')
INSERT INTO BACSI(MABS,TENBS, NGAYSINH, GIOITINH, SDT,DIACHI)
VALUES ('BS03',N'Nguyễn Thị Lan Anh', '10/07/1996', 1, '0944570738', N'Tam Nông, Cao Lãnh, Đồng Tháp')
INSERT INTO BACSI(MABS,TENBS, NGAYSINH, GIOITINH, SDT,DIACHI)
VALUES ('BS04',N'Nguyễn Thị Lan', '10/07/1980', 1, '0964579737', N'Tân Biên, Biên Hòa, Đồng Nai')
INSERT INTO BACSI(MABS,TENBS, NGAYSINH, GIOITINH, SDT,DIACHI)
VALUES ('BS05',N'Trần Đức Bo', '01/24/1992', 1, '0964579737', N'Hàn Văn Tự, quận 10, TPHCM')


--INSERT TABLE BENHNHAN
INSERT INTO BENHNHAN(MABN, TENBN, NGAYSINH, GIOITINH, CMND, SDT, DIACHI) VALUES
('BN01', N'Nguyễn Văn Minh', '12/03/1998', 0, 245678142, '0789765456', N'Biên Hòa')
INSERT INTO BENHNHAN(MABN, TENBN, NGAYSINH, GIOITINH, CMND, SDT, DIACHI) VALUES
('BN02', N'Nguyễn Văn Thành', '10/04/1995', 0, 245679876, '078975678', N'Quận 9')
INSERT INTO BENHNHAN(MABN, TENBN, NGAYSINH, GIOITINH, CMND, SDT, DIACHI) VALUES
('BN03', N'Nguyễn Thị Hoa', '12/04/2007',null, 1,  '0789764563', N'Cần Thơ')
INSERT INTO BENHNHAN(MABN, TENBN, NGAYSINH, GIOITINH, CMND, SDT, DIACHI) VALUES
('BN04', N'Trần Bê ', '01/12/2019',null, 0,  '0678765456', N'Biên Hòa')

--INSERT TABLE HOSOBENHAN
INSERT INTO HOSOBENHAN(MAHS, MABN, MABS, NGAYKHAM, NGAYTAIKHAM, TRIEUCHUNG, CHANDOAN ) 
VALUES('HS01','BN01', 'BS01','04/04/2020','05/03/2020' ,N'Mờ mắt, nhạy cảm với ánh sáng',N'Cườm khô')
INSERT INTO HOSOBENHAN(MAHS, MABN, MABS, NGAYKHAM, NGAYTAIKHAM, TRIEUCHUNG, CHANDOAN ) 
VALUES('HS02','BN02', 'BS03', '04/05/2020','05/05/2020' ,N'Sưng nề mí mắt, khó mở mắt',N'Viêm loét giác mạc')
INSERT INTO HOSOBENHAN(MAHS, MABN, MABS, NGAYKHAM, NGAYTAIKHAM, TRIEUCHUNG, CHANDOAN ) 
VALUES('HS03', 'BN03', 'BS03','07/04/2020','07/14/2020' ,N'Đau rát mắt, sưng, mắt chảy ghèn',N'Đau mắt đỏ')
INSERT INTO HOSOBENHAN(MAHS, MABN, MABS, NGAYKHAM, NGAYTAIKHAM, TRIEUCHUNG, CHANDOAN ) 
VALUES('HS04', 'BN04', 'BS02', '07/04/2020','07/10/2020' ,N'Bỏng rát, chảy nước mắt, gỉ xung quanh mắt',N'Dị ứng mắt')

--INSERT TABLE DICHVU
INSERT INTO DICHVU(MADV, TENDV) VALUES ('DV01', N'Khám mắt')
INSERT INTO DICHVU(MADV, TENDV) VALUES ('DV02', N'Hội chẩn ca khó')
INSERT INTO DICHVU(MADV, TENDV) VALUES ('DV03', N'Siêu âm')
INSERT INTO DICHVU(MADV, TENDV) VALUES ('DV04', N'Chụp X-quang phim')
INSERT INTO DICHVU(MADV, TENDV) VALUES ('DV05', N'Chụp X-quang số hóa')
INSERT INTO DICHVU(MADV, TENDV) VALUES ('DV06', N'Chụp CT')
INSERT INTO DICHVU(MADV, TENDV) VALUES ('DV07', N'Sinh thiết da/niêm mạc')
INSERT INTO DICHVU(MADV, TENDV) VALUES ('DV08', N'Bơm rửa lệ đạo')
INSERT INTO DICHVU(MADV, TENDV) VALUES ('DV09', N'Chữa bỏng mắt do hàn điện')
INSERT INTO DICHVU(MADV, TENDV) VALUES ('DV10', N'Đo khúc xạ máy')
INSERT INTO DICHVU(MADV, TENDV) VALUES ('DV11', N'Đo nhãn áp')
INSERT INTO DICHVU(MADV, TENDV) VALUES ('DV12', N'Đo thị lực khách quan')
INSERT INTO DICHVU(MADV, TENDV) VALUES ('DV13', N'Ghép giác mạc (một mắt)')
INSERT INTO DICHVU(MADV, TENDV) VALUES ('DV14', N'Gọt giác mạc')
INSERT INTO DICHVU(MADV, TENDV) VALUES ('DV15', N'Lấy dị vật trong mắt')

--INSERT TABLE THUOC
INSERT INTO THUOC(MATHUOC, TENTHUOC, CHIDINH) VALUES ('001', N'Nước mắt nhân tạo Sanlein 0,1%', N'Khô mắt, bệnh do phẫu thuật, chấn thương và mang kính áp tròng')
INSERT INTO THUOC(MATHUOC, TENTHUOC, CHIDINH) VALUES ('002', N'Thuốc nhỏ mắt Systane ultra', N'Các bệnh ngoại lai do phẫu thuật, thuốc, chấn thương và mang kính tiếp xúc')
INSERT INTO THUOC(MATHUOC, TENTHUOC, CHIDINH) VALUES ('003', N'Thuốc nhỏ mắt Naphacollyre', N'Nhiễm khuẩn ở mắt, xung huyết mắt, kích ứng mắt')
INSERT INTO THUOC(MATHUOC, TENTHUOC, CHIDINH) VALUES ('004', N'Thuốc nhỏ mắt Vigamox', N'Viêm giác mạc do vi khuẩn nhạy cảm vớ kháng sinh')
INSERT INTO THUOC(MATHUOC, TENTHUOC, CHIDINH) VALUES ('005', N'Thuốc nhỏ mắt Tobradex', N'Nhiễm trùng ngoài nhãn cầu')
INSERT INTO THUOC(MATHUOC, TENTHUOC, CHIDINH) VALUES ('006', N'Thuốc bổ mắt Vinaga', N'Ngăn ngừa tật khúc xạ, khắc phụ tình trạng khô, mỏi mắt')
INSERT INTO THUOC(MATHUOC, TENTHUOC, CHIDINH) VALUES ('007', N'Thuốc bổ Tobicom', N'Hỗ trợ điều trị các vấn đề về mắt, suy giảm thị lực, các chứng mỏi mắt, khô giác mạc')
INSERT INTO THUOC(MATHUOC, TENTHUOC, CHIDINH) VALUES ('008', N'Thuốc bổ mắt Eye Clear', N'Giải quyết chứng hoa mắt, chóng mặt, giúp mắt sáng khỏe, tăng thị lực')
INSERT INTO THUOC(MATHUOC, TENTHUOC, CHIDINH) VALUES ('009', N'Thuốc đỏ Tercurocrom 2%', N'Dùng trong viêm kết mạc, sát trùng vùng mắt trước mổ')
INSERT INTO THUOC(MATHUOC, TENTHUOC, CHIDINH) VALUES ('010', N'Sunfaxylum (sulfacetamid natri) dung dịch 10% - 20% - 30%', N'Điều trị mắt hột, nhiễm khuẩn kết giác mạc, bờ mi do cầu khuẩn gram')
INSERT INTO THUOC(MATHUOC, TENTHUOC, CHIDINH) VALUES ('011', N'SMP (sulfamethoxypyridazine natri) 10%-20%', N'Là loại sulfamide thải trừ chậm, có tác dụng chủ yếu với vi khuẩn gram (+), virus mắt hột')
INSERT INTO THUOC(MATHUOC, TENTHUOC, CHIDINH) VALUES ('012', N'Clorocide (chloramphenicol) 0,4%', N'Kháng sinh có trọng lượng phân tử thấp, có tác dụng lên cả vi khuẩn gram (-) và gram (+)')
INSERT INTO THUOC(MATHUOC, TENTHUOC, CHIDINH) VALUES ('013', N'Tetracyclin 1% (dạng mỡ)', N'Tác dụng điều trị đối với cả vi khuẩn gram (-) và gram (+), virus mắt hột')
INSERT INTO THUOC(MATHUOC, TENTHUOC, CHIDINH) VALUES ('014', N'Tobrin (tobramycin sulfate) 0,3%', N'Chỉ định điều trị cho các nhiễm trùng ở mắt và phòng ngừa nhiễm trùng (rỏ mắt trước phẫu thuật)')
INSERT INTO THUOC(MATHUOC, TENTHUOC, CHIDINH) VALUES ('015', N'Acyclovir (zovirax)', N'Dùng điều trị loét giác mạc do herpes')
INSERT INTO THUOC(MATHUOC, TENTHUOC, CHIDINH) VALUES ('016', N'Tropicamide', N'Thuốc huỷ phó giao cảm tổng hợp có tác dụng giãn đồng tử nhanh, ngắn (vài giờ) và gây liệt thể mi không hoàn toàn')
INSERT INTO THUOC(MATHUOC, TENTHUOC, CHIDINH) VALUES ('017', N'Cyclogyl (cyclopentolate hydrochloride) 1- 2%', N'Gây liệt điều  tiết, dãn đồng tử  nhanh và thời gian ngắn')
INSERT INTO THUOC(MATHUOC, TENTHUOC, CHIDINH) VALUES ('018', N'Betadin 5%-10% (polyvidone-iodine natrichlorid)', N'Chỉ định dùng betadin 5% rỏ để làm sạch mắt, dung dịch 10% dùng sát trùng ngoài da quanh vùng mắt trước mổ')
INSERT INTO THUOC(MATHUOC, TENTHUOC, CHIDINH) VALUES ('019', N'Hyase', N'Điều trị chảy máu nội nhãn, tăng tác dụng hạ nhãn áp (phối hợp với thuốc tê tiêm hậu nhãn cầu trước mổ)')
INSERT INTO THUOC(MATHUOC, TENTHUOC, CHIDINH) VALUES ('020', N'Divascol (2-benzyl 4,5 imidazolin chlohydrate)', N'Là thuốc huỷ giao cảm, gây giãn mạch tại chỗ tiêm, thường dùng tiêm dưới kết mạc, hậu nhãn cầu')


--INSERT TABLE VIENPHI
INSERT INTO VIENPHI(MAHD, MABN, NGAYTHANHTOAN, TONGVIENPHI) VALUES ('HD0001', 'BN01', '07/07/2020',650000)
INSERT INTO VIENPHI(MAHD, MABN, NGAYTHANHTOAN, TONGVIENPHI) VALUES ('HD0002', 'BN02', '07/07/2020', 450000)
INSERT INTO VIENPHI(MAHD, MABN, NGAYTHANHTOAN, TONGVIENPHI) VALUES ('HD0003', 'BN03', '07/07/2020', 300000)
INSERT INTO VIENPHI(MAHD, MABN, NGAYTHANHTOAN, TONGVIENPHI) VALUES ('HD0004', 'BN04', '07/07/2020', 1100000)

--INSERT TABLE CTVIENPHI
INSERT INTO CTVIENPHI(MAHD, MADV, SOLUONG, GIATIEN, THANHTIEN) VALUES('HD0001', 'DV01', 1, 150000, 150000)
INSERT INTO CTVIENPHI(MAHD, MADV, SOLUONG, GIATIEN, THANHTIEN) VALUES('HD0001', 'DV04', 1, 200000, 200000)
INSERT INTO CTVIENPHI(MAHD, MADV, SOLUONG, GIATIEN, THANHTIEN) VALUES('HD0001', 'DV12', 1, 300000, 300000)

INSERT INTO CTVIENPHI(MAHD, MADV, SOLUONG, GIATIEN, THANHTIEN) VALUES('HD0002', 'DV06','04/05/2020', 1, 250000, 250000)
INSERT INTO CTVIENPHI(MAHD, MADV, SOLUONG, GIATIEN, THANHTIEN) VALUES('HD0002', 'DV15','04/05/2020', 1, 200000, 200000)

INSERT INTO CTVIENPHI(MAHD, MADV, SOLUONG, GIATIEN, THANHTIEN) VALUES('HD0003', 'DV07','07/04/2020', 1, 300000, 300000)

INSERT INTO CTVIENPHI(MAHD, MADV, SOLUONG, GIATIEN, THANHTIEN) VALUES('HD0004', 'DV13','07/04/2020', 1, 1000000, 1000000)
INSERT INTO CTVIENPHI(MAHD, MADV, SOLUONG, GIATIEN, THANHTIEN) VALUES('HD0004', 'DV12','07/04/2020', 1, 100000, 100000)
--INSERT TABLE DONTHUOC
INSERT INTO DONTHUOC(MADT, TONGTIEN, NGAYLAP, MABN) VALUES ('DT0001', 180000, '04/04/2020', 'BN01')
INSERT INTO DONTHUOC(MADT, TONGTIEN, NGAYLAP, MABN) VALUES ('DT0002', 146000, '04/05/2020', 'BN02')
INSERT INTO DONTHUOC(MADT, TONGTIEN, NGAYLAP, MABN) VALUES ('DT0003', 60000, '07/04/2020', 'BN03')
INSERT INTO DONTHUOC(MADT, TONGTIEN, NGAYLAP, MABN) VALUES ('DT0004', 196500, '07/04/2020', 'BN04')
--INSERT TABLE CTDONTHUOC
INSERT INTO CTDONTHUOC(MADT, MATHUOC, SOLUONG, CACHDUNG, GIATHUOC, THANHTIEN) VALUES ('DT0001', '001', 1, N'3 lần/ngày', 15000, 15000)
INSERT INTO CTDONTHUOC(MADT, MATHUOC, SOLUONG, CACHDUNG, GIATHUOC, THANHTIEN) VALUES ('DT0001', '013', 15, N'1 viên/lần, 3 lần/ngày, dùng sau bữa ăn', 3000, 45000)
INSERT INTO CTDONTHUOC(MADT, MATHUOC, SOLUONG, CACHDUNG, GIATHUOC, THANHTIEN) VALUES ('DT0001', '014', 30, N'2 viên/lần, 3 lần/ngày, dùng sau bữa ăn', 2500,  75000)
INSERT INTO CTDONTHUOC(MADT, MATHUOC, SOLUONG, CACHDUNG, GIATHUOC, THANHTIEN) VALUES ('DT0001', '015', 30, N'2 viên/lần, 3 lần/ngày, dùng sau bữa ăn', 1500, 45000)

INSERT INTO CTDONTHUOC(MADT, MATHUOC, SOLUONG, CACHDUNG, GIATHUOC, THANHTIEN) VALUES ('DT0002', '004', 1, N'Nhỏ mỗi khi cảm thấy rát mắt, cách ít nhất 15p/lần', 36000, 36000)
INSERT INTO CTDONTHUOC(MADT, MATHUOC, SOLUONG, CACHDUNG, GIATHUOC, THANHTIEN) VALUES ('DT0002', '009', 10, N'1 viên/lần, 2 lần/ngày, dùng sau bữa ăn', 6000, 60000)
INSERT INTO CTDONTHUOC(MADT, MATHUOC, SOLUONG, CACHDUNG, GIATHUOC, THANHTIEN) VALUES ('DT0002', '015', 10, N'1 viên/lần, 2 lần/ngày, dùng sau bữa ăn', 5000, 50000)

INSERT INTO CTDONTHUOC(MADT, MATHUOC, SOLUONG, CACHDUNG, GIATHUOC, THANHTIEN) VALUES ('DT0003', '003', 1, N'Nhỏ mỗi khi cảm thấy rát mắt, cách ít nhất 15p/lần', 30000, 30000)
INSERT INTO CTDONTHUOC(MADT, MATHUOC, SOLUONG, CACHDUNG, GIATHUOC, THANHTIEN) VALUES ('DT0003', '014', 15, N'1 viên/lần, 3 lần/ngày, dùng sau bữa ăn', 2000, 30000)

INSERT INTO CTDONTHUOC(MADT, MATHUOC, SOLUONG, CACHDUNG, GIATHUOC, THANHTIEN ) VALUES ('DT0004', '005', 1, N'Nhỏ mỗi khi cảm thấy khó chịu mắt, cách ít nhất 15p/lần', 15000, 15000)
INSERT INTO CTDONTHUOC(MADT, MATHUOC, SOLUONG, CACHDUNG, GIATHUOC, THANHTIEN) VALUES ('DT0004', '010', 15, N'1 viên/lần, 3 lần/ngày, dùng sau bữa ăn', 3100, 46500)
INSERT INTO CTDONTHUOC(MADT, MATHUOC, SOLUONG, CACHDUNG, GIATHUOC, THANHTIEN) VALUES ('DT0004', '012', 30, N'2 viên/lần, 3 lần/ngày, dùng sau bữa ăn', 1500, 45000)
INSERT INTO CTDONTHUOC(MADT, MATHUOC, SOLUONG, CACHDUNG, GIATHUOC, THANHTIEN) VALUES ('DT0004', '013', 15, N'1 viên/lần, 3 lần/ngày, dùng sau bữa ăn', 6000, 90000)
